band,mean
red,50378819.1366
green,69971894.7058
blue,81735794.0387
nir,104838741.653
ndvi,5809.07362664
ndwi,-3188.97813814
ior,11425.3959455
bai,0.000412354713612
gemi,-2.43996998814e+11
